"","NLL","AIC","delta"
"1",-37.9664164172193,65.9328328344386,0
"2",-37.4844493339192,67.9614664064786,2.02863357203998
"3",-37.9807332032393,67.9614664064786,2.02863357203998
"4",-39.4685361401432,72.9370722802865,7.00423944584789
"5",-37.5000009854165,70.9370722802865,5.00423944584789
